"me.species","me.records","me.auc","null.auc"
"Aclista cantiana.csv",6,0.9986,0.84225
"Aclista striolata.csv",6,0.9278,0.857166666666667
"Acrodactyla madida.csv",17,0.792,0.755941176470588
"Acropiesta flaviventris.csv",9,0.8647,0.769
"Acropiesta rufiventris.csv",12,0.9322,0.771375
"Acropimpla didyma.csv",15,0.7573,0.772266666666667
"Acroricnus elegans.csv",36,0.8554,0.690972222222222
"Adelius clandestinus.csv",6,0.8098,0.842166666666667
"Adelius parvulus.csv",32,0.7638,0.6923125
"Adelius subfasciatus.csv",32,0.7669,0.6785625
"Adialytus populaphis.csv",11,0.7675,0.782090909090909
"Adialytus tenuis.csv",11,0.7682,0.777
"Aegilips atricornis.csv",6,0.9806,0.847916666666667
"Aethecerus placidus.csv",9,0.8185,0.784166666666667
"Agasthenes varitarsus.csv",10,0.8292,0.7982
"Agathis anglica.csv",6,0.9059,0.861833333333333
"Agathis griseifrons.csv",5,0.8084,0.8614
"Agathis nigra.csv",15,0.8528,0.746
"Agathis tibialis.csv",5,0.6881,0.8646
"Aglaostigma alpinum.csv",24,0.8487,0.723958333333333
"Aglaostigma subalpinum.csv",5,0.9483,0.8733
"Agonia adducta.csv",6,0.7118,0.817
"Agrothereutes aterrimus.csv",25,0.9656,0.71552
"Agrothereutes ischioleucus.csv",15,0.8102,0.7493
"Agrothereutes saturniae.csv",5,0.8928,0.875
"Alastor antigae.csv",6,0.8069,0.8605
"Aleiodes coxator.csv",17,0.8585,0.731411764705882
"Aleiodes dispar.csv",20,0.8202,0.7422
"Aleiodes rossicus.csv",36,0.7777,0.681833333333333
"Aleiodes tristis.csv",6,0.7093,0.8815
"Alexeter mutator.csv",27,0.7454,0.706296296296296
"Alexeter rapinator.csv",8,0.6067,0.801
"Allepyris microneurus.csv",7,0.7281,0.837
"Allodynerus floricola.csv",28,0.799,0.712892857142857
"Alloplasta plantaria.csv",5,0.836,0.8941
"Allotropa conventus.csv",5,0.6396,0.8844
"Allotropa mecrida.csv",11,0.7867,0.775545454545455
"Alloxysta abdera.csv",5,0.9816,0.8946
"Alloxysta fuscicornis.csv",8,0.7276,0.78225
"Alloxysta ligustri.csv",14,0.6398,0.787785714285714
"Alloxysta nigripes.csv",5,0.995,0.8566
"Alomya punctulata.csv",5,0.6698,0.8634
"Alysia agricolator.csv",8,0.6905,0.79375
"Alysia bucephala.csv",21,0.824,0.736714285714286
"Alysia fuscipennis.csv",5,0.7514,0.8885
"Alysia obscuripes.csv",5,0.7472,0.8764
"Amauronematus abnormis.csv",8,0.8775,0.8045625
"Amauronematus acutiserra.csv",41,0.8006,0.688463414634146
"Amauronematus aeger.csv",5,0.8757,0.8909
"Amauronematus alberich.csv",8,0.7451,0.80575
"Amauronematus alpicola.csv",59,0.7743,0.648949152542373
"Amauronematus amentorum.csv",27,0.6302,0.690148148148148
"Amauronematus amicula.csv",12,0.9195,0.755375
"Amauronematus amplus.csv",55,0.8321,0.665963636363636
"Amauronematus anthracinus.csv",8,0.7766,0.806625
"Amauronematus betulae.csv",5,0.8729,0.8699
"Amauronematus brevilabris.csv",9,0.7741,0.794
"Amauronematus cornutus.csv",8,0.6528,0.785
"Amauronematus dahlbomi.csv",9,0.8778,0.790888888888889
"Amauronematus fasciatus.csv",19,0.6905,0.746105263157895
"Amauronematus galbiventris.csv",12,0.8029,0.803583333333333
"Amauronematus hedstroemi.csv",24,0.7168,0.722645833333333
"Amauronematus helleni.csv",5,0.6616,0.8944
"Amauronematus histrio.csv",102,0.7597,0.631225490196078
"Amauronematus humeralis.csv",41,0.8006,0.67690243902439
"Amauronematus krausi.csv",47,0.8307,0.669446808510638
"Amauronematus lateralis.csv",21,0.8935,0.735666666666667
"Amauronematus longicauda.csv",6,0.9046,0.839833333333333
"Amauronematus longiserra.csv",25,0.7966,0.72356
"Amauronematus macrophthalmus.csv",8,0.7748,0.80625
"Amauronematus malaisei.csv",6,0.9372,0.815833333333333
"Amauronematus mcluckiei.csv",24,0.7147,0.724541666666667
"Amauronematus microphyes.csv",9,0.7706,0.775555555555556
"Amauronematus miltonotus.csv",7,0.7964,0.850142857142857
"Amauronematus montanus.csv",6,0.9446,0.850333333333333
"Amauronematus mundus.csv",19,0.826,0.751184210526316
"Amauronematus neglectus.csv",9,0.7033,0.806222222222222
"Amauronematus nuorbinjargi.csv",10,0.9384,0.79295
"Amauronematus pacificus.csv",24,0.7123,0.72175
"Amauronematus puniceus.csv",32,0.741,0.706375
"Amauronematus saarineni.csv",14,0.7725,0.749285714285714
"Amauronematus sagmarius.csv",22,0.7289,0.748954545454545
"Amauronematus schlueteri.csv",22,0.7561,0.739681818181818
"Amauronematus semilacteus.csv",5,0.5,0.8592
"Amauronematus septentrionalis.csv",13,0.7415,0.765076923076923
"Amauronematus sollemnis.csv",6,0.6526,0.831833333333333
"Amauronematus stenogaster.csv",41,0.7317,0.675951219512195
"Amauronematus subfuscus.csv",28,0.8548,0.716607142857143
"Amauronematus temporalis.csv",5,0.7707,0.863
"Amauronematus tenuis.csv",9,0.8713,0.799111111111111
"Amauronematus tillbergi.csv",24,0.7107,0.718666666666667
"Amauronematus toeniatus.csv",59,0.7699,0.655067796610169
"Amauronematus tunicatus.csv",6,0.6523,0.835333333333333
"Amauronematus variabilis.csv",19,0.689,0.738894736842105
"Amauronematus varians.csv",8,0.7963,0.787
"Amauronematus variator.csv",12,0.803,0.780833333333333
"Amauronematus viduatinus.csv",22,0.7273,0.744409090909091
"Amauronematus viduatoides.csv",5,0.8905,0.9082
"Amauronematus viduatus.csv",79,0.7549,0.644430379746835
"Amauronematus vittatus.csv",93,0.7781,0.636021505376344
"Amblyaspis nereus.csv",6,0.8902,0.867333333333333
"Amblyaspis roboris.csv",18,0.7782,0.728722222222222
"Amblyaspis scelionoides.csv",24,0.7926,0.696958333333333
"Amegilla ochroleuca.csv",9,0.8398,0.774444444444444
"Amegilla velocissima.csv",48,0.9211,0.681479166666667
"Ammobates dufourii.csv",55,0.8441,0.651018181818182
"Ammobates melectoides.csv",7,0.9047,0.826571428571429
"Ammophila hungarica.csv",5,0.8016,0.9058
"Ampulex fasciata.csv",11,0.8559,0.807454545454545
"Anacharis gracilipes.csv",35,0.8552,0.684828571428571
"Anastatus catalonicus.csv",5,0.6571,0.895
"Ancistrocerus haematodes.csv",32,0.9814,0.70184375
"Ancistrocerus kerneri.csv",11,0.9941,0.766454545454545
"Andrena astrella.csv",11,0.734,0.794909090909091
"Andrena atrata.csv",7,0.7904,0.837357142857143
"Andrena carbonaria.csv",612,0.8428,0.562862745098039
"Andrena cyanomicans.csv",6,0.8557,0.834083333333333
"Andrena elata.csv",6,0.9975,0.82375
"Andrena leucophaea.csv",6,0.8976,0.829666666666667
"Andrena miegiella.csv",11,0.8603,0.805363636363636
"Andrena nigriceps.csv",432,0.8862,0.564201388888889
"Andrena nigroaenaea.csv",2383,0.8276,0.538022031053294
"Andrena nobilis.csv",10,0.6451,0.8131
"Andrena parviceps.csv",21,0.9172,0.736619047619048
"Andrena pellucens.csv",6,0.8457,0.8635
"Andrena probata.csv",12,0.9843,0.800166666666667
"Andrena ranunculorum.csv",11,0.8941,0.781454545454545
"Andrena rufizona.csv",85,0.964,0.640576470588235
"Andrena scita.csv",20,0.7849,0.74715
"Andrena simillima.csv",43,0.8785,0.687697674418605
"Andrena tridentata.csv",6,0.8568,0.875
"Andrena tunetana.csv",7,0.8653,0.826714285714286
"Andrena vilipes.csv",5,0.7872,0.8576
"Andrena wollastoni.csv",33,0.9827,0.694136363636364
"Andricus amblycerus.csv",5,0.8496,0.8916
"Andricus aries.csv",380,0.9257,0.571713157894737
"Andricus caliciformis.csv",23,0.8384,0.719
"Andricus cecconii.csv",18,0.9151,0.761944444444444
"Andricus conglomeratus.csv",9,0.9002,0.795
"Andricus conificus.csv",32,0.8142,0.691125
"Andricus coronatus.csv",29,0.7548,0.730862068965517
"Andricus corruptrix.csv",65,0.9207,0.650338461538462
"Andricus crassicornis.csv",22,0.8328,0.733863636363636
"Andricus curtisii.csv",18,0.8897,0.743111111111111
"Andricus dentimitratus.csv",161,0.86,0.609944099378882
"Andricus galeatus.csv",20,0.8876,0.7411
"Andricus gallaeurnaeformis.csv",8,0.8261,0.818875
"Andricus gemmeus.csv",87,0.8936,0.626201149425287
"Andricus glandulae.csv",14,0.9287,0.747357142857143
"Andricus glutinosus.csv",24,0.9186,0.733458333333333
"Andricus grossulariae.csv",261,0.8742,0.585390804597701
"Andricus hispanicus.csv",20,0.8062,0.72985
"Andricus hungaricus.csv",23,0.9322,0.727478260869565
"Andricus hystrix.csv",7,0.8077,0.843857142857143
"Andricus infectorius.csv",73,0.816,0.649013698630137
"Andricus insanus.csv",21,0.9331,0.715809523809524
"Andricus lignicolus.csv",632,0.9052,0.557485759493671
"Andricus lucidus.csv",99,0.8427,0.643025252525253
"Andricus malpighii.csv",51,0.8433,0.68221568627451
"Andricus mitratus.csv",7,0.9172,0.824714285714286
"Andricus multiplicatus.csv",6,0.8061,0.85525
"Andricus paradoxus.csv",36,0.9019,0.683152777777778
"Andricus polycerus.csv",25,0.7858,0.71448
"Andricus pseudoinflator.csv",13,0.814,0.752153846153846
"Andricus quercustozae.csv",611,0.8503,0.562220949263502
"Andricus seminationis.csv",26,0.9049,0.730538461538462
"Andricus solitarius.csv",209,0.8495,0.602043062200957
"Andricus testaceipes.csv",78,0.9197,0.640833333333333
"Andricus theophrasteus.csv",11,0.9465,0.826272727272727
"Andricus tomentosus.csv",10,0.8921,0.8033
"Andricus truncicola.csv",9,0.8678,0.799055555555556
"Aneuclis melanaria.csv",11,0.889,0.793545454545455
"Anicetus italicus.csv",5,0.9771,0.8325
"Anisobas buccatus.csv",6,0.9729,0.853166666666667
"Anisobas cingulatellus.csv",23,0.7354,0.719173913043478
"Anisobas hostilis.csv",10,0.8184,0.7814
"Anisobas platystylus.csv",6,0.7134,0.838333333333333
"Anisobas rebellis.csv",11,0.8157,0.7585
"Anopedias lacustris.csv",5,0.8946,0.8726
"Anoplius piliventris.csv",77,0.797,0.651909090909091
"Anthidium byssinum.csv",1266,0.8366,0.548839257503949
"Anthophora affinis.csv",24,0.7791,0.731791666666667
"Anthophora balearica.csv",16,0.8629,0.746625
"Anthophora borealis.csv",5,0.6693,0.8609
"Anthophora canescens.csv",21,0.8924,0.744190476190476
"Anthophora dufourii.csv",9,0.9167,0.800666666666667
"Anthophora ferruginea.csv",5,0.8752,0.8824
"Anthophora punctilabris.csv",6,0.8801,0.83925
"Anthophora rogenhoferi.csv",11,0.8091,0.818727272727273
"Anthophora rubricrus.csv",5,0.8735,0.8788
"Anthophora rutilans.csv",6,0.8876,0.846416666666667
"Anthophora senescens.csv",6,0.771,0.854
"Anthophora sichelii.csv",5,0.9133,0.898
"Apaeleticus haematodus.csv",15,0.8475,0.758066666666667
"Apaeleticus mesostictus.csv",8,0.8125,0.7939375
"Aphaenogaster crocea.csv",5,0.8898,0.8532
"Aphaenogaster obsidiana.csv",5,0.8896,0.8818
"Aphaenogaster testaceopilosa.csv",16,0.8211,0.76275
"Aphaereta difficilis.csv",28,0.9917,0.702678571428571
"Aphaereta stigmaticalis.csv",13,0.9092,0.748615384615385
"Aphanogmus fumipennis.csv",10,0.8445,0.83145
"Aphelinus bicolor.csv",27,0.7812,0.720148148148148
"Aphelinus semiflavus.csv",6,0.9209,0.846833333333333
"Aphelonyx cerricola.csv",38,0.8631,0.685868421052632
"Aphidius asteris.csv",10,0.7084,0.76935
"Aphidius chrisanthemi.csv",28,0.9084,0.711660714285714
"Apodesmia irregularis.csv",7,0.7809,0.814285714285714
"Apophua cicatricosa.csv",17,0.7871,0.769882352941176
"Apophua genalis.csv",7,0.7269,0.804714285714286
"Aprostocetus artemisiae.csv",6,0.9978,0.877666666666667
"Aprostocetus artemisicola.csv",9,0.9977,0.795611111111111
"Aprostocetus cebennicus.csv",9,0.8048,0.803111111111111
"Aprostocetus dauci.csv",7,0.8506,0.862571428571429
"Aprostocetus larzacensis.csv",5,0.9349,0.874
"Aprostocetus meridionalis.csv",13,0.82,0.766230769230769
"Aprostocetus micantulus.csv",5,0.9174,0.8832
"Aprostocetus productus.csv",8,0.8876,0.802
"Aprostocetus vassolensis.csv",5,0.9339,0.8727
"Apsilops cinctorius.csv",25,0.8843,0.71988
"Aptesis gravipes.csv",7,0.6523,0.819428571428571
"Arachnospila holomelas.csv",5,0.9527,0.8954
"Aritranis jonica.csv",12,0.7661,0.792708333333333
"Arotes albicinctus.csv",5,0.7583,0.8654
"Asaphes hirsutus.csv",25,0.8098,0.69392
"Asaphes petiolatus.csv",15,0.8496,0.7435
"Aschitus aeneiventris.csv",6,0.7063,0.843
"Aschitus bicolor.csv",5,0.6832,0.8796
"Ascogaster bidentula.csv",8,0.82,0.7980625
"Ascogaster contracta.csv",10,0.8218,0.7978
"Ascogaster klugii.csv",12,0.7101,0.781166666666667
"Ascogaster rufipes.csv",6,0.949,0.834666666666667
"Aspicera coriacea.csv",5,0.8351,0.8718
"Astiphromma plagiatum.csv",36,0.7744,0.685388888888889
"Astrenis sinuatus.csv",35,0.783,0.692314285714286
"Atanycolus genalis.csv",9,0.6479,0.812111111111111
"Atanycolus neesii.csv",18,0.8912,0.727444444444444
"Atractogaster semisculptus.csv",11,0.8096,0.766863636363636
"Aulacidea abdominalis.csv",15,0.8863,0.755166666666667
"Aulogymnus bicolor.csv",5,0.9369,0.8856
"Barbotinia oraniensis.csv",7,0.9075,0.831357142857143
"Barichneumon anator.csv",8,0.7461,0.79575
"Barichneumon bilunulatus.csv",35,0.8765,0.688428571428571
"Barichneumon heracliana.csv",8,0.834,0.8044375
"Barichneumon imitator.csv",35,0.8741,0.688685714285714
"Barichneumon lunuliger.csv",21,0.8736,0.734619047619048
"Barichneumon perversus.csv",9,0.9047,0.820055555555556
"Barichneumon sedulus.csv",5,0.7148,0.8955
"Barichneumon sexalbatus.csv",12,0.8416,0.778916666666667
"Baryscapus endemus.csv",8,0.7949,0.8094375
"Baryscapus evonymellae.csv",5,0.8232,0.8914
"Baryscapus impeditus.csv",5,0.8733,0.8828
"Baryscapus nigroviolaceus.csv",6,0.8358,0.864666666666667
"Basalys abrupta.csv",28,0.8191,0.706607142857143
"Basalys bifoveata.csv",6,0.9266,0.835833333333333
"Basalys exigua.csv",12,0.8476,0.7925
"Basalys fumipennis.csv",24,0.8371,0.709791666666667
"Basalys parva.csv",16,0.8084,0.774375
"Basalys scotica.csv",31,0.799,0.690516129032258
"Basalys semele.csv",7,0.7422,0.838714285714286
"Basalys tritoma.csv",6,0.7279,0.8805
"Bassus calculator.csv",16,0.8497,0.7440625
"Bassus conspicuus.csv",5,0.773,0.871
"Bassus linguarius.csv",5,0.8422,0.885
"Bassus nugax.csv",7,0.6671,0.783714285714286
"Bassus rugulosus.csv",9,0.9884,0.772111111111111
"Bassus tumidulus.csv",16,0.8877,0.7324375
"Bathyplectes immolator.csv",6,0.7021,0.858166666666667
"Bathyplectes tibiator.csv",6,0.8496,0.8585
"Bathythrix aereus.csv",20,0.7588,0.72995
"Bathythrix strigosa.csv",5,0.8223,0.8934
"Belyta pedestris.csv",23,0.882,0.749869565217391
"Bembix zonata.csv",12,0.8194,0.767916666666667
"Bethylus hyalinus.csv",356,0.8291,0.57511797752809
"Binodoxys minutus.csv",9,0.8535,0.799222222222222
"Birka alpina.csv",5,0.9678,0.8996
"Blacus macropterus.csv",7,0.7283,0.829071428571429
"Blacus paganus.csv",5,0.8124,0.8605
"Blakeius bipunctata.csv",15,0.9296,0.766733333333333
"Blakeius bipunctatus.csv",15,0.931,0.776533333333333
"Blastothrix longipennis.csv",6,0.7831,0.855166666666667
"Bombus niveatus.csv",39,0.8532,0.692153846153846
"Bothriomyrmex communistus.csv",15,0.8132,0.777933333333333
"Bothriomyrmex saundersi.csv",8,0.9042,0.788625
"Bothriothorax clavicornis.csv",6,0.8922,0.8435
"Brachygaster minuta.csv",360,0.8322,0.570233333333333
"Brachymeria podagrica.csv",15,0.8689,0.750866666666667
"Brachymeria vitripennis.csv",8,0.9162,0.825125
"Brachyserphus acuticaudatus.csv",5,0.783,0.871
"Bracon erraticus.csv",5,0.7581,0.8614
"Bracon exarator.csv",5,0.7615,0.8638
"Bracon minutator.csv",5,0.8587,0.8733
"Bracon osculator.csv",6,0.9371,0.865
"Bracon otiosus.csv",10,0.8687,0.8014
"Bracon planiceps.csv",5,0.758,0.8604
"Bracon rhynchiti.csv",7,0.9592,0.844571428571429
"Bracon talitzkii.csv",5,0.7585,0.8818
"Bracon uromelas.csv",5,0.9032,0.868
"Bracon vectensis.csv",5,0.756,0.8816
"Bruchophagus roddi.csv",5,0.9583,0.8748
"Caenolyda reticulata.csv",64,0.7507,0.656015625
"Cales noacki.csv",7,0.9866,0.875285714285714
"Callajoppa exaltatoria.csv",57,0.921,0.65478947368421
"Callaspidia westwoodi.csv",13,0.8871,0.785615384615385
"Callirhytis glandium.csv",7,0.9576,0.854
"Callirhytis rufescens.csv",5,0.8321,0.8994
"Calosota aestivalis.csv",6,0.8186,0.858
"Calosota fumipennis.csv",6,0.8197,0.837666666666667
"Campodorus axillaris.csv",16,0.773,0.7539375
"Campodorus caligatus.csv",6,0.8293,0.861416666666667
"Campodorus clypealis.csv",8,0.7895,0.8075625
"Campodorus gracilipes.csv",6,0.786,0.836
"Campodorus languidulus.csv",5,0.7122,0.866
"Campodorus obtusus.csv",5,0.8885,0.8614
"Campoletis cognata.csv",6,0.5169,0.864
"Campoletis femoralis.csv",7,0.7517,0.810285714285714
"Campoletis postica.csv",6,0.6758,0.837166666666667
"Camponotus fedtschenkoi.csv",8,0.5692,0.791625
"Camponotus libanicus.csv",5,0.8661,0.886
"Camponotus turkestanus.csv",14,0.724,0.779214285714286
"Campoplex bilobus.csv",7,0.7701,0.8365
"Campoplex cursitans.csv",5,0.7702,0.8551
"Campoplex faunus.csv",5,0.8103,0.8688
"Campoplex fusciplica.csv",5,0.7541,0.878
"Campoplex pyraustae.csv",5,0.9696,0.8731
"Campoplex tumidulus.csv",5,0.8665,0.8842
"Camptopoeum friesei.csv",11,0.9366,0.797727272727273
"Camptopoeum frontale.csv",27,0.8421,0.722444444444444
"Camptopoeum frontalis.csv",27,0.8405,0.720518518518519
"Camptopoeum variegatum.csv",6,0.8701,0.858166666666667
"Cardiocondyla batesi.csv",12,0.8447,0.784
"Cardiocondyla stambuloffi.csv",19,0.9043,0.753210526315789
"Casinaria carinata.csv",23,0.8302,0.72804347826087
"Casinaria flavicoxator.csv",5,0.9267,0.8904
"Casinaria moesta.csv",5,0.9498,0.8726
"Casinaria monticola.csv",10,0.9023,0.8069
"Casinaria morionella.csv",9,0.5945,0.805777777777778
"Casinaria petiolaris.csv",10,0.8493,0.8095
"Cataglyphis italicus.csv",5,0.9651,0.8726
"Cataglyphis lividus.csv",9,0.8616,0.797777777777778
"Cataglyphis pallidus.csv",6,0.8537,0.853833333333333
"Cataglyphis piliscapus.csv",50,0.9362,0.66258
"Cataglyphis viaticus.csv",7,0.8487,0.837428571428571
"Cenocoelius aartseni.csv",11,0.9858,0.792409090909091
"Cephalcia intermedia.csv",11,0.817,0.794045454545454
"Cephalonomia brevipennis.csv",47,0.7527,0.664744680851064
"Cephus cultratus.csv",406,0.8652,0.569964285714286
"Ceraphron longistriatus.csv",5,0.9433,0.8617
"Cerapterocerus mirabilis.csv",12,0.6273,0.806166666666667
"Ceratina albosticta.csv",7,0.861,0.811142857142857
"Ceratina bispinosa.csv",11,0.9392,0.775727272727273
"Ceratina schwarzi.csv",6,0.9113,0.842
"Ceratina tarsata.csv",8,0.8212,0.799125
"Cerceris concinna.csv",17,0.9425,0.757558823529412
"Cerchysius subplanus.csv",24,0.7946,0.699291666666667
"Chalcis myrifex.csv",8,0.7008,0.81475
"Chalepoxenus kutteri.csv",9,0.8594,0.800333333333333
"Chalepoxenus muellerianus.csv",32,0.8245,0.69609375
"Chalicodoma parietina.csv",265,0.8625,0.588403773584906
"Chasmias lugens.csv",42,0.8031,0.68352380952381
"Chasmodon apterus.csv",14,0.829,0.78
"Cheiloneurus claviger.csv",10,0.7734,0.78925
"Cheiloneurus elegans.csv",6,0.8508,0.849333333333333
"Chelonorhogas dissector.csv",15,0.9171,0.757933333333333
"Chelonorhogas fortipes.csv",5,0.924,0.8734
"Chelonorhogas ruficornis.csv",10,0.926,0.7981
"Chelonorhogas rugulosus.csv",7,0.5,0.828285714285714
"Chelonorhogas unipunctator.csv",12,0.8316,0.772958333333333
"Chelonus annulatus.csv",7,0.805,0.814428571428571
"Chelonus carbonator.csv",6,0.9047,0.8125
"Chelonus catulus.csv",12,0.8162,0.75775
"Chelonus contractus.csv",10,0.8239,0.7649
"Chelonus corvulus.csv",11,0.8947,0.765545454545455
"Chelonus gravenhorstii.csv",15,0.837,0.769066666666667
"Chelonus humilis.csv",6,0.8356,0.834
"Chelonus labipalpis.csv",9,0.8508,0.818388888888889
"Chelonus mutabilis.csv",14,0.8096,0.752857142857143
"Chelonus nigrator.csv",15,0.8164,0.750466666666667
"Chelonus obscuratus.csv",12,0.8682,0.779666666666667
"Chelonus parcicornis.csv",11,0.8653,0.776
"Chelonus pedator.csv",7,0.8414,0.809928571428571
"Chelonus pusillus.csv",6,0.9274,0.8565
"Chelonus scabrator.csv",20,0.8844,0.7406
"Chilaspis nitida.csv",18,0.8703,0.745555555555556
"Chilosphex argyrius.csv",5,0.7834,0.8762
"Chlorocytus deschampsiae.csv",9,0.9199,0.782666666666667
"Chlorocytus formosus.csv",11,0.8263,0.779181818181818
"Chorebus orbiculatae.csv",6,0.8909,0.873833333333333
"Chorebus ornatus.csv",6,0.7544,0.841416666666667
"Choreia inepta.csv",6,0.6926,0.872916666666667
"Chorinaeus talpa.csv",6,0.9742,0.844833333333333
"Chrysis magnidens.csv",6,0.9768,0.863
"Chrysis mediadentata.csv",6,0.8563,0.8685
"Chrysis scintillans.csv",381,0.8782,0.574503937007874
"Chrysocharis avia.csv",19,0.9364,0.767736842105263
"Chrysocharis bestiola.csv",5,0.923,0.9153
"Chrysocharis gemma.csv",13,0.7892,0.784653846153846
"Chrysopophthorus hungaricus.csv",27,0.8738,0.708481481481481
"Cidaphus atricilla.csv",9,0.8423,0.759777777777778
"Cidaphus atricillus.csv",9,0.8421,0.778
"Cimbex luteus.csv",203,0.8183,0.601839901477833
"Cladius pallipes.csv",12,0.5717,0.791833333333333
"Cladius pilicornis.csv",106,0.9082,0.635849056603774
"Clavipanurgus sculpturatus.csv",5,0.7788,0.8756
"Clinocentrus striolatus.csv",7,0.7548,0.823571428571429
"Clistopyga rufator.csv",30,0.7841,0.711
"Coelichneumon castaniventris.csv",8,0.8108,0.8035
"Coelichneumon consimilis.csv",12,0.8143,0.788
"Coelichneumon dorsosignatus.csv",11,0.8446,0.788818181818182
"Coelichneumon dubius.csv",9,0.7794,0.808611111111111
"Coelichneumon rudis.csv",14,0.7544,0.776214285714286
"Coelichneumon validus.csv",5,0.9383,0.8527
"Coelinidea ater.csv",17,0.8561,0.739705882352941
"Coeloides abdominalis.csv",9,0.5237,0.786
"Coeloides melanostigma.csv",12,0.7677,0.764125
"Coeloides ungularis.csv",5,0.6466,0.8722
"Colastes gracilis.csv",16,0.7357,0.731125
"Coleocentrus heteropus.csv",5,0.6384,0.8847
"Colletes carinatus.csv",8,0.8678,0.8036875
"Colletes cariniger.csv",5,0.9457,0.8804
"Colletes caskanus.csv",6,0.8178,0.866166666666667
"Colletes caspicus.csv",6,0.6783,0.830083333333333
"Colletes gallicus.csv",11,0.8849,0.800818181818182
"Colletes hethiticus.csv",15,0.9546,0.764066666666667
"Colletes inexpectatus.csv",14,0.8275,0.759714285714286
"Colletes ligatus.csv",5,0.6687,0.8451
"Colletes maidli.csv",9,0.7065,0.779777777777778
"Colletes punctatus.csv",12,0.7211,0.7755
"Colletes sierrensis.csv",9,0.9162,0.845444444444444
"Collyria puncticeps.csv",36,0.9191,0.688833333333333
"Conomorium pityocampae.csv",9,0.9898,0.829111111111111
"Conostigmus melanocephalus.csv",9,0.9277,0.797944444444444
"Conostigmus rufipes.csv",5,0.9451,0.8633
"Copidosoma aithyia.csv",8,0.8647,0.775875
"Copidosoma alexandri.csv",5,0.7086,0.8988
"Copidosoma atheas.csv",21,0.8649,0.743952380952381
"Copidosoma clavigerum.csv",17,0.9034,0.751
"Copidosoma fulvipes.csv",17,0.9023,0.746352941176471
"Copidosoma hartmanni.csv",5,0.7098,0.8703
"Copidosoma hydramon.csv",8,0.867,0.77825
"Copidosoma kriechbaumeri.csv",8,0.8657,0.81975
"Copidosoma moldavicum.csv",7,0.779,0.844142857142857
"Copidosoma phalaenarum.csv",8,0.8641,0.815875
"Cosmophorus cembrae.csv",7,0.7143,0.808214285714286
"Cothonaspis longula.csv",6,0.9,0.8435
"Cowperia areolata.csv",5,0.6114,0.8872
"Craesus alniastri.csv",164,0.8465,0.606469512195122
"Craesus septentrionalis.csv",625,0.87,0.555676
"Cratichneumon albifrons.csv",7,0.6404,0.833785714285714
"Cratichneumon fabricator.csv",155,0.867,0.599006451612903
"Cratichneumon fugitivus.csv",13,0.9542,0.782153846153846
"Cremastus infirmus.csv",9,0.7995,0.795444444444444
"Cremastus lineiger.csv",5,0.9856,0.8817
"Cremastus spectator.csv",5,0.7492,0.8718
"Crematogaster alluaudi.csv",21,0.9829,0.717904761904762
"Crematogaster subdentata.csv",8,0.725,0.808875
"Cremnodes atricapillus.csv",6,0.744,0.83475
"Cremnops desertor.csv",179,0.9302,0.602888268156425
"Crossocerus elongates.csv",498,0.8639,0.558277108433735
"Cryptocheilus alternatus.csv",132,0.8792,0.630083333333333
"Cryptocheilus ichneumonoides.csv",6,0.7752,0.839333333333333
"Cryptocheilus rubellus.csv",21,0.8667,0.729761904761905
"Cryptopimpla quadrilineata.csv",9,0.859,0.803166666666667
"Cryptoserphus longitarsis.csv",15,0.8511,0.7542
"Cryptoserphus medius.csv",11,0.8411,0.778636363636364
"Cryptus inculcator.csv",19,0.7722,0.750578947368421
"Cryptus moschator.csv",14,0.8413,0.782714285714286
"Cryptus obscuripes.csv",18,0.7425,0.743777777777778
"Cryptus spiralis.csv",7,0.7085,0.828285714285714
"Crytea erythraea.csv",113,0.9296,0.621823008849558
"Crytea sanguinator.csv",6,0.7914,0.901833333333333
"Ctenichneumon devylderi.csv",6,0.8552,0.860666666666667
"Ctenichneumon repentinus.csv",15,0.7195,0.7589
"Ctenochira arcuata.csv",5,0.7847,0.8574
"Ctenochira xanthopyga.csv",11,0.9185,0.783818181818182
"Ctenopelma athimi.csv",5,0.662,0.8735
"Ctenopelma tomentosum.csv",5,0.6588,0.8574
"Ctenotilla caeca.csv",5,0.8854,0.8552
"Cubocephalus thomsoni.csv",10,0.7315,0.7963
"Cyclolabus dubiosus.csv",6,0.7038,0.829416666666667
"Cynips agama.csv",34,0.8542,0.709
"Cynips disticha.csv",69,0.6855,0.649855072463768
"Cynips divisa.csv",681,0.8932,0.554552129221733
"Cystomutilla ruficeps.csv",18,0.8464,0.7685
"Dasylabris atrata.csv",29,0.8572,0.710379310344828
"Dasylabris iberica.csv",5,0.9292,0.9167
"Dasylabris lugubris.csv",12,0.946,0.777
"Dasypoda braccata.csv",8,0.843,0.812
"Dasypoda spinigera.csv",5,0.8633,0.8664
"Dasyscolia ciliata.csv",106,0.8866,0.635198113207547
"Delomerista frigida.csv",5,0.8,0.8796
"Dendrocerus aphidum.csv",18,0.8357,0.728277777777778
"Dendrocerus liebscheri.csv",13,0.9554,0.759769230769231
"Dendrocerus ramicornis.csv",6,0.9553,0.857583333333333
"Dendrocerus rectangularis.csv",5,0.8392,0.869
"Diadegma claripenne.csv",7,0.8255,0.817285714285714
"Diadegma erythropus.csv",5,0.9871,0.8756
"Diadegma fabricianae.csv",6,0.8601,0.848166666666667
"Diadegma hygrobium.csv",8,0.9344,0.79025
"Diadegma latungula.csv",17,0.8427,0.763352941176471
"Diadegma litorale.csv",9,0.8231,0.774888888888889
"Diadegma stagnale.csv",5,0.901,0.8759
"Diadegma trochanteratum.csv",6,0.7206,0.839666666666667
"Diadromus arrisor.csv",5,0.8317,0.8777
"Diaparsis carinifer.csv",9,0.7946,0.778111111111111
"Dicaelotus montanus.csv",14,0.7913,0.762714285714286
"Dicaelotus resplendens.csv",5,0.8333,0.8844
"Dicaelotus ruficoxatus.csv",5,0.7589,0.884
"Dichatomus acerinus.csv",51,0.8856,0.66178431372549
"Dicladocerus westwoodii.csv",9,0.9252,0.761555555555556
"Didyctium nigriclava.csv",5,0.8156,0.8757
"Dineura pullior.csv",175,0.7557,0.594045714285714
"Dinocarsis hemiptera.csv",16,0.8139,0.7666875
"Dinotiscus colon.csv",8,0.7231,0.808125
"Dinotrema concolor.csv",9,0.7042,0.802111111111111
"Dinotrema distractum.csv",15,0.7884,0.743266666666667
"Dinotrema glabrum.csv",5,0.7046,0.8928
"Diphyus longimanus.csv",5,0.8441,0.8936
"Diphyus monitorius.csv",6,0.8542,0.850666666666667
"Diphyus pseudomercator.csv",6,0.8394,0.846333333333333
"Diphyus restituor.csv",11,0.8921,0.809181818181818
"Diphyus restitutor.csv",11,0.8916,0.786363636363636
"Diprion butovitschi.csv",341,0.8572,0.579016129032258
"Dirhicnus ramealis.csv",9,0.8389,0.773555555555556
"Dirophanes invisor.csv",6,0.6503,0.87325
"Discodes aeneus.csv",5,0.7124,0.903
"Dolerus ciliatus.csv",7,0.934,0.836857142857143
"Dolerus megapteroides.csv",111,0.7383,0.632315315315315
"Dolerus planatus.csv",7,0.7919,0.821
"Dolerus possilensis.csv",41,0.9157,0.671390243902439
"Dolerus thargitai.csv",121,0.7736,0.628694214876033
"Dolichomitus crassiceps.csv",24,0.838,0.727458333333333
"Dolichomitus curticornis.csv",9,0.7274,0.778833333333333
"Dolichurus bicolor.csv",7,0.5,0.856571428571429
"Dolophron pedella.csv",5,0.6776,0.8641
"Doronomyrmex pacis.csv",11,0.9631,0.808545454545455
"Doryctes liogaster.csv",20,0.8597,0.72785
"Doryctes marothiensis.csv",20,0.8617,0.72855
"Doryctes obliteratus.csv",7,0.8111,0.845857142857143
"Doryctes pulchripes.csv",20,0.8567,0.713825
"Doryctes rex.csv",7,0.8173,0.798
"Doryctes striatelloides.csv",7,0.8142,0.784285714285714
"Doryctes undulatus.csv",5,0.8044,0.8682
"Dryinus canariensis.csv",5,0.9382,0.8723
"Dulophanes morio.csv",34,0.8365,0.711823529411765
"Dusona aemula.csv",5,0.8484,0.8796
"Dusona aurita.csv",7,0.9411,0.862571428571429
"Dusona circumspectans.csv",5,0.7914,0.8674
"Dusona contumax.csv",13,0.808,0.773076923076923
"Dusona cultrator.csv",18,0.8943,0.741666666666667
"Dusona erythrogaster.csv",10,0.8648,0.8071
"Dusona flagellator.csv",11,0.7897,0.782363636363636
"Dusona nidulator.csv",14,0.7748,0.7745
"Dusona remota.csv",21,0.8049,0.736690476190476
"Dusona scutellatoides.csv",16,0.7945,0.7423125
"Dusona vigilator.csv",6,0.7188,0.832166666666667
"Dyscritulus planiceps.csv",10,0.7891,0.8122
"Ecphylus eccoptogastri.csv",8,0.6904,0.81375
"Ecphylus hylesini.csv",8,0.6569,0.8321875
"Ecphylus pinicola.csv",8,0.6554,0.815625
"Ectemnius rugifer.csv",6,0.8908,0.881333333333333
"Ectemnius spinipes.csv",11,0.8287,0.766545454545455
"Elasmus platyedrae.csv",8,0.9936,0.834875
"Empria klugii.csv",185,0.8511,0.599389189189189
"Empria tirolensis.csv",153,0.7576,0.612790849673203
"Encarsia lutea.csv",6,0.9389,0.871416666666667
"Encyrtus infidus.csv",15,0.7904,0.743466666666667
"Endasys erythrogaster.csv",5,0.7817,0.8834
"Endasys melanurus.csv",7,0.6273,0.829785714285714
"Endasys rusticus.csv",13,0.7801,0.807384615384615
"Endromopoda nitida.csv",12,0.8289,0.7605
"Enicospilus tournieri.csv",8,0.8825,0.800125
"Entedon parvicalcar.csv",7,0.8265,0.833214285714286
"Entomacis laertes.csv",13,0.8516,0.780153846153846
"Eparces grandiceps.csv",5,0.9308,0.9136
"Epeolus intermedius.csv",10,0.9578,0.8183
"Epeolus tristis.csv",18,0.7986,0.752111111111111
"Ephedrus brevis.csv",11,0.8317,0.761318181818182
"Ephedrus cerasicola.csv",8,0.6463,0.80075
"Ephedrus validus.csv",8,0.7351,0.837125
"Epiclerus nomocerus.csv",5,0.8225,0.857
"Eremotylus marginatus.csv",17,0.8642,0.744882352941176
"Eriborus braccatus.csv",8,0.7984,0.8115
"Eriborus terebrator.csv",7,0.9172,0.855571428571429
"Ericydnus sipylus.csv",7,0.9175,0.831285714285714
"Ericydnus ventralis.csv",6,0.7935,0.878666666666667
"Erigorgus melanobatus.csv",10,0.8201,0.79625
"Eristicus clarigator.csv",9,0.8057,0.773333333333333
"Eristicus clericus.csv",8,0.7917,0.819375
"Ethelurgus vulnerator.csv",19,0.6284,0.717315789473684
"Eucera helvola.csv",8,0.7297,0.81375
"Eucera hispaliensis.csv",8,0.694,0.813
"Eucera seminuda.csv",14,0.7758,0.766928571428571
"Eucharis adscendens.csv",6,0.7222,0.868583333333333
"Eudelus scabriculus.csv",13,0.7744,0.7835
"Eugahania fumipennis.csv",8,0.7455,0.8074375
"Eulophus pennicornis.csv",5,0.9037,0.8925
"Eulophus ramicornis.csv",6,0.8008,0.857083333333333
"Euneura sopolis.csv",28,0.8395,0.709285714285714
"Euodynerus curictensis.csv",17,0.7671,0.758352941176471
"Euodynerus fastidiosus.csv",5,0.7546,0.9044
"Euodynerus reflexus.csv",11,0.9652,0.787409090909091
"Euodynerus variegatus.csv",24,0.9021,0.722708333333333
"Eupelmus hostilis.csv",39,0.8034,0.70425641025641
"Eupelmus nubilipennis.csv",7,0.8491,0.85
"Euphorus basalis.csv",27,0.9251,0.715481481481481
"Eurylabus tristis.csv",28,0.8694,0.6995
"Euryproctus regenerator.csv",8,0.8579,0.79575
"Eurytoma appendigaster.csv",6,0.9601,0.84625
"Eurytoma compressa.csv",19,0.8842,0.753368421052632
"Eurytoma cynipsea.csv",9,0.8612,0.834111111111111
"Eurytoma rosae.csv",29,0.8313,0.701689655172414
"Eustenancistrocerus amadanensis.csv",6,0.7764,0.84775
"Eutanyacra pallidicornis.csv",8,0.7782,0.8124375
"Eutomostethus nigrans.csv",78,0.8484,0.636551282051282
"Euura betulae.csv",5,0.8724,0.8865
"Euura lapponica.csv",12,0.8036,0.762833333333333
"Euura melanocephalus_group.csv",24,0.818,0.716083333333333
"Euura weiffenbachii.csv",5,0.92,0.874
"Euxestonotus error.csv",7,0.7883,0.841857142857143
"Evagetes littoralis.csv",9,0.7423,0.808
"Exallonyx longicornis.csv",19,0.8375,0.725973684210526
"Exallonyx subserratus.csv",26,0.8394,0.702115384615385
"Excavarus apiarius.csv",32,0.9501,0.718
"Exephanes femoralis.csv",6,0.9034,0.879333333333333
"Exephanes rhenanus.csv",6,0.7494,0.8465
"Exephanes tricolor.csv",6,0.9101,0.860083333333333
"Exetastes atrator.csv",11,0.8385,0.778818181818182
"Exetastes calobatus.csv",24,0.8555,0.720458333333333
"Exetastes degener.csv",5,0.9865,0.869
"Exetastes gracilicornis.csv",10,0.8324,0.81095
"Exetastes nigripes.csv",5,0.8912,0.898
"Exochus coronatus.csv",6,0.7221,0.8735
"Exochus decoratus.csv",5,0.771,0.8846
"Exochus erythronotus.csv",7,0.7428,0.837
"Exochus flavidus.csv",5,0.9728,0.8475
"Exochus longicornis.csv",6,0.6149,0.85175
"Exochus notatus.csv",8,0.8076,0.8013125
"Exopristus trigonomerus.csv",6,0.7969,0.841166666666667
"Ferreola diffinis.csv",23,0.7612,0.724347826086956
"Flavipanurgus ibericus.csv",5,0.7865,0.8806
"Formica balcanina.csv",253,0.7885,0.584660079051383
"Formica nemoralis.csv",946,0.8244,0.548435517970402
"Formica subpilosa.csv",11,0.8542,0.811454545454545
"Formica subrufa.csv",63,0.7733,0.649650793650794
"Gambrus ornatus.csv",15,0.6104,0.746466666666667
"Gastrancistrus glabellus.csv",5,0.813,0.8839
"Gelis formicarius.csv",15,0.8355,0.751133333333333
"Gelis kiesenwetteri.csv",7,0.8613,0.8205
"Gelis meigenii.csv",6,0.9394,0.841666666666667
"Gelis mutillatus.csv",12,0.6639,0.786583333333333
"Gilpinia socia.csv",21,0.6378,0.719357142857143
"Glyphicnemis atrata.csv",10,0.9891,0.81245
"Glypta capra.csv",54,0.8845,0.674222222222222
"Glypta longicauda.csv",10,0.8733,0.7991
"Glypta nigerrima.csv",54,0.8859,0.667925925925926
"Glypta nigricornis.csv",5,0.8799,0.905
"Glypta rufescens.csv",54,0.8842,0.661546296296296
"Glypta trochanterata.csv",8,0.7315,0.845125
"Glyptomorpha pectoralis.csv",10,0.8542,0.7966
"Gonatocerus fuscicornis.csv",7,0.7487,0.850785714285714
"Gonatocerus litoralis.csv",10,0.7942,0.7908
"Grypocentrus basalis.csv",8,0.8876,0.780125
"Habrocampulum biguttatum.csv",8,0.6271,0.811375
"Hadrodactylus genalis.csv",11,0.74,0.768181818181818
"Halictus asperulus.csv",11,0.7996,0.807090909090909
"Halictus handlirschii.csv",30,0.6618,0.722666666666667
"Halictus hellenicus.csv",505,0.9152,0.569013861386139
"Halictus sajoi.csv",5,0.7124,0.9064
"Halictus simplex aggr..csv",420,0.8847,0.570138095238095
"Halictus tetrazonius.csv",25,0.7061,0.72496
"Halictus tricinetus.csv",104,0.9055,0.633663461538462
"Halictus unicolor.csv",45,0.9799,0.665911111111111
"Harpactus exiguus.csv",8,0.7516,0.86975
"Harpactus timidus.csv",425,0.8464,0.576241176470588
"Hartigia linearis.csv",72,0.8481,0.646930555555556
"Hartigia nigra.csv",33,0.8156,0.696181818181818
"Hartigia xanthostoma.csv",72,0.8506,0.649013888888889
"Hecabolus sulcatus.csv",15,0.8194,0.762066666666667
"Hedychridium lampas.csv",428,0.8624,0.564135514018692
"Hedychridium sculpturatum.csv",7,0.8423,0.848428571428571
"Helconidea ruspator.csv",32,0.8518,0.70990625
"Helictes incongruens.csv",23,0.7785,0.722826086956522
"Helorus anomalipes.csv",89,0.8447,0.640988764044944
"Helorus striolatus.csv",44,0.8601,0.675022727272727
"Hemiptarsenus ornatus.csv",6,0.5,0.835
"Hepiopelmus variegatorius.csv",87,0.9433,0.639114942528736
"Herpestomus nasutus.csv",6,0.8018,0.831583333333333
"Heterischnus moravicus.csv",89,0.8721,0.63714606741573
"Heterocola proboscidalis.csv",5,0.7228,0.8841
"Heterospilus fuscexilis.csv",6,0.9163,0.846833333333333
"Heydenia pretiosa.csv",11,0.742,0.820727272727273
"Himerta varicornis.csv",9,0.7244,0.772
"Hobbya stenonota.csv",10,0.8349,0.80435
"Hockeria unicolor.csv",13,0.8096,0.770076923076923
"Homalotylus eytelweinii.csv",5,0.9226,0.8996
"Homaspis robusta.csv",7,0.7849,0.811357142857143
"Homaspis rufina.csv",7,0.7861,0.799142857142857
"Homoporus femoralis.csv",6,0.8339,0.866833333333333
"Homotherus magus.csv",5,0.6269,0.8614
"Hoplismenus axillatorius.csv",19,0.8037,0.744210526315789
"Hoplismenus terrificus.csv",27,0.84,0.710814814814815
"Hoplitis carinata.csv",6,0.6451,0.877666666666667
"Hoplitis crenulata.csv",20,0.8424,0.74025
"Hoplitis cristata.csv",14,0.8758,0.771964285714286
"Hoplocryptus fugitivus.csv",26,0.7676,0.705384615384615
"Hormius piciventris.csv",12,0.7059,0.803916666666667
"Hylaeus absolutus.csv",5,0.6905,0.8666
"Hylaeus bifasciatus.csv",6,0.7171,0.866166666666667
"Hylaeus brachycephala.csv",7,0.8548,0.816142857142857
"Hylaeus coriaceus.csv",5,0.6422,0.905
"Hylaeus crassanus.csv",7,0.8104,0.848857142857143
"Hylaeus gazagnairei.csv",8,0.8406,0.7913125
"Hylaeus hyperpunctatus.csv",6,0.8552,0.867333333333333
"Hylaeus scutellata.csv",5,0.7217,0.8766
"Hylaeus spilotus.csv",5,0.9212,0.8918
"Hylaeus stigmorrhina.csv",34,0.843,0.705705882352941
"Hylaeus trinotatus.csv",5,0.9143,0.91
"Hyperbatus sternoxanthus.csv",5,0.7083,0.881
"Hypodoryctes sibiricus.csv",7,0.8407,0.855142857142857
"Hyposoter carbonarius.csv",7,0.63,0.817571428571429
"Hyposoter longulus.csv",5,0.79,0.8822
"Hyposoter thuringiacus.csv",5,0.7681,0.8749
"Hypsantyx lituratoria.csv",5,0.817,0.8957
"Hypsantyx lituratorius.csv",5,0.8201,0.8956
"Hypsicera curvator.csv",10,0.795,0.7989
"Hypsicera flaviceps.csv",6,0.8062,0.855
"Ibalia jakowlewi.csv",6,0.729,0.849583333333333
"Ichneumon languidus.csv",12,0.6861,0.767541666666667
"Ichneumon lapponicus.csv",6,0.9006,0.842083333333333
"Ichneumon lautatorius.csv",17,0.8601,0.746647058823529
"Ichneumon novemalbatus.csv",6,0.8998,0.839083333333333
"Ichneumon proletarius.csv",16,0.7841,0.73428125
"Ichneumon quinquealbatus.csv",6,0.5,0.850833333333333
"Ichneumon vivacior.csv",22,0.8368,0.716772727272727
"Idiomacromerus longicornis.csv",12,0.9965,0.799666666666667
"Idiomacromerus papaveris.csv",6,0.9807,0.845666666666667
"Idiotypa marii.csv",12,0.8781,0.782
"Inostemma mediterraneum.csv",5,0.996,0.8648
"Inostemma reticulatum.csv",8,0.7376,0.7990625
"Iphiaulax parvulus.csv",13,0.798,0.782384615384615
"Iphitrachelus gracilis.csv",7,0.7044,0.849714285714286
"Iphitrachelus lar.csv",23,0.7877,0.754478260869565
"Isadelphus armatus.csv",7,0.5481,0.829142857142857
"Ischnus canariensis.csv",6,0.9661,0.82675
"Ismarus longicornis.csv",46,0.7874,0.664760869565217
"Ismarus moravicus.csv",58,0.8794,0.64048275862069
"Isocyrtus laetus.csv",8,0.7841,0.802
"Isodontia splendidula.csv",14,0.8287,0.765785714285714
"Itoplectis enslini.csv",10,0.8374,0.78815
"Itoplectis melanocephala.csv",11,0.7892,0.774181818181818
"Janus femoratus.csv",31,0.8158,0.728
"Jugurtia dispar.csv",6,0.7341,0.858333333333333
"Kleidotoma ciliaris.csv",11,0.8015,0.821818181818182
"Kleidotoma dolichocera.csv",11,0.9011,0.801227272727273
"Kleidotoma longipennis.csv",5,0.7624,0.8692
"Kleidotoma nigra.csv",8,0.9192,0.795875
"Kleidotoma pentatoma.csv",6,0.6543,0.834916666666667
"Kleidotoma psiloides.csv",8,0.8441,0.8005625
"Kleidotoma ruficornis.csv",6,0.736,0.879916666666667
"Kristotomus triangulatorius.csv",6,0.806,0.857833333333333
"Laelius virilis.csv",6,0.8843,0.835666666666667
"Lagarotis ustulata.csv",5,0.5917,0.8988
"Lamennaisia ambigua.csv",5,0.9616,0.8852
"Lasioglossum arctifrons.csv",9,0.9742,0.809888888888889
"Lasioglossum bimaculatus.csv",10,0.8976,0.8255
"Lasioglossum callizonius.csv",8,0.4609,0.81125
"Lasioglossum convexiusculum.csv",45,0.8719,0.684255555555556
"Lasioglossum duckei.csv",7,0.7801,0.828571428571429
"Lasioglossum elegans.csv",9,0.8752,0.789
"Lasioglossum euboeensis.csv",32,0.8376,0.71028125
"Lasioglossum fudakowskii.csv",685,0.914,0.559143065693431
"Lasioglossum glandarium.csv",9,0.9742,0.7835
"Lasioglossum hammi.csv",685,0.915,0.563785401459854
"Lasioglossum laeve.csv",56,0.8918,0.659035714285714
"Lasioglossum laevidorsum.csv",9,0.8944,0.811611111111111
"Lasioglossum littoralis.csv",7,0.9278,0.8385
"Lasioglossum optatum.csv",9,0.9742,0.805277777777778
"Lasioglossum patulum.csv",121,0.8779,0.640140495867769
"Lasioglossum planulum.csv",16,0.8883,0.7723125
"Lasioglossum podolicum.csv",24,0.8475,0.724833333333333
"Lasioglossum sexmaculatum.csv",78,0.9248,0.644730769230769
"Lasioglossum tarsatum.csv",59,0.9098,0.640423728813559
"Lasioglossum trichopygum.csv",5,0.899,0.8892
"Lasioglossum varipes.csv",9,0.855,0.803166666666667
"Lasius rabaudi.csv",15,0.7845,0.765266666666667
"Lathrolestes caudatus.csv",6,0.6141,0.847833333333333
"Lathrostizus lugens.csv",5,0.7977,0.8838
"Lepisiota atlantis.csv",57,0.8708,0.669280701754386
"Leptacis breisteini.csv",6,0.8097,0.82
"Leptacis coryphe.csv",6,0.867,0.857833333333333
"Leptacis laevipetiolata.csv",8,0.8504,0.801625
"Leptacis lignicola.csv",6,0.7652,0.86675
"Leptacis nydia.csv",6,0.8034,0.878666666666667
"Leptacis orchymonti.csv",9,0.8438,0.810722222222222
"Leptacis ozines.csv",10,0.8481,0.8165
"Leptacis vlugi.csv",9,0.6995,0.778166666666667
"Leptanilla revelierei.csv",11,0.8952,0.798272727272727
"Leptochilus cruentatus.csv",7,0.9494,0.855214285714286
"Leptochilus duplicatus.csv",9,0.8916,0.791555555555556
"Leptochilus eatoni.csv",11,0.9844,0.803772727272727
"Leptochilus fortunatus.csv",5,0.9929,0.8884
"Leptothorax angustulus.csv",41,0.8533,0.685268292682927
"Leptothorax aveli.csv",79,0.857,0.650303797468354
"Leptothorax caparica.csv",35,0.8562,0.7272
"Leptothorax clypeatus.csv",18,0.6965,0.743444444444444
"Leptothorax corticalis.csv",27,0.7921,0.727518518518519
"Leptothorax exilis.csv",91,0.9324,0.637912087912088
"Leptothorax flavicornis.csv",17,0.8609,0.764117647058824
"Leptothorax formosus.csv",10,0.8103,0.8253
"Leptothorax gracilicornis.csv",10,0.9893,0.7685
"Leptothorax graecus.csv",15,0.9784,0.722
"Leptothorax gredosi.csv",11,0.9093,0.788681818181818
"Leptothorax interruptus.csv",114,0.8579,0.628359649122807
"Leptothorax lagrecai.csv",6,0.8941,0.863833333333333
"Leptothorax lichtensteini.csv",38,0.9764,0.6865
"Leptothorax melanocephalus.csv",371,0.8577,0.568454177897574
"Leptothorax melas.csv",10,0.9899,0.7672
"Leptothorax niger.csv",5,0.7073,0.8884
"Leptothorax nigriceps.csv",121,0.9051,0.620801652892562
"Leptothorax pardoi.csv",14,0.7724,0.787642857142857
"Leptothorax parvulus.csv",161,0.8452,0.608260869565217
"Leptothorax pyrenaeus.csv",371,0.8609,0.570258760107817
"Leptothorax rabaudi.csv",5,0.7583,0.8852
"Leptothorax racovitzai.csv",52,0.8895,0.675442307692308
"Leptothorax recedens.csv",111,0.8607,0.635342342342342
"Leptothorax semiruber.csv",19,0.7838,0.730947368421053
"Leptothorax sordidulus.csv",16,0.7226,0.7728125
"Leptothorax tristis.csv",9,0.7687,0.79
"Leptothorax tuberum.csv",371,0.8608,0.57488679245283
"Leptothorax vandeli.csv",1820,0.8143,0.540557967032967
"Lindenius mesopleuralis.csv",6,0.9533,0.880166666666667
"Lissonota antennalis.csv",10,0.8458,0.823
"Lissonota bilineata.csv",5,0.6939,0.869
"Lissonota cruentator.csv",46,0.9217,0.674217391304348
"Lissonota digestor.csv",8,0.8083,0.83375
"Lissonota histrio.csv",18,0.8724,0.7395
"Lissonota linearis.csv",5,0.8553,0.8914
"Lissonota lineata.csv",10,0.6348,0.8027
"Lissonota lissonotator.csv",9,0.6896,0.790222222222222
"Lissonota oculatoria.csv",12,0.8881,0.775416666666667
"Lissonota punctiventrator.csv",5,0.8053,0.8676
"Lissonota setosa.csv",38,0.7596,0.697605263157895
"Lissonota transversostriata.csv",25,0.901,0.71292
"Listrognathus compressicornis.csv",6,0.6654,0.846166666666667
"Listrognathus firmator.csv",5,0.7588,0.8734
"Listrognathus obnoxius.csv",7,0.6945,0.825714285714286
"Lophopompilus samariensis.csv",25,0.788,0.70688
"Ludita villosa.csv",8,0.8003,0.816625
"Lycorina triangulifera.csv",17,0.7362,0.747470588235294
"Lysiphlebus ivanovi.csv",49,0.8677,0.660857142857143
"Lyteba thomsoni.csv",5,0.8804,0.8689
"Macrocentrus bicolor.csv",22,0.795,0.74125
"Macrocentrus collaris.csv",10,0.7134,0.7756
"Macrocentrus pallipes.csv",6,0.7333,0.836083333333333
"Mastrus tenuicosta.csv",5,0.8051,0.8545
"Mayridia myrlea.csv",5,0.6521,0.8894
"Medophron afflictor.csv",7,0.6355,0.812357142857143
"Medophron recurvus.csv",8,0.7042,0.7911875
"Megachile foersteri.csv",6,0.7589,0.837666666666667
"Megachile intermixta.csv",10,0.7623,0.7992
"Megachile montenegrensis.csv",15,0.7893,0.774066666666667
"Megachile pereziana.csv",105,0.9203,0.646028571428571
"Megaplectes monticola.csv",10,0.729,0.7877
"Megarhyssa superba.csv",56,0.79,0.661
"Megastigmus stigmatizans.csv",7,0.8201,0.854142857142857
"Megastylus aemulus.csv",22,0.6725,0.734863636363636
"Melecta caroli.csv",5,0.9934,0.8775
"Melecta festiva.csv",15,0.9228,0.759133333333333
"Melecta obscura.csv",5,0.8524,0.8688
"Melitturga praestans.csv",7,0.8293,0.828428571428571
"Meringopus calescens.csv",5,0.9908,0.9185
"Merismus tenuicornis.csv",11,0.8094,0.802454545454545
"Merisus flagellatus.csv",5,0.9487,0.856
"Merisus splendidus.csv",14,0.874,0.768714285714286
"Mesochorus brevicollis.csv",7,0.6542,0.838214285714286
"Mesochorus confusus.csv",7,0.8873,0.837714285714286
"Mesochorus hungaricus.csv",15,0.876,0.7638
"Mesochorus rapae.csv",7,0.8197,0.829571428571429
"Mesoleius compar.csv",5,0.73,0.8942
"Mesoleius ruficollis.csv",9,0.7328,0.777444444444444
"Mesoleptidea amoena.csv",33,0.7657,0.691606060606061
"Mesoleptidea strandi.csv",5,0.8528,0.903
"Mesopolobus teliformis.csv",5,0.8962,0.8792
"Mesostenus albinotatus.csv",11,0.8222,0.801454545454545
"Messor denticulatus.csv",30,0.8846,0.713133333333333
"Messor hispanicus.csv",9,0.6674,0.789222222222222
"Messor intermedius.csv",5,0.6266,0.843
"Messor maroccanus.csv",19,0.9016,0.740842105263158
"Messor orientalis.csv",19,0.8913,0.733421052631579
"Metacolus azureus.csv",6,0.778,0.856
"Metacolus unifasciatus.csv",5,0.7845,0.8445
"Metanopedias lasiopterae.csv",6,0.8395,0.850666666666667
"Metanotalia maderensis.csv",5,0.8513,0.8996
"Meteorus profligator.csv",9,0.6876,0.787
"Metopius anxius.csv",8,0.6966,0.7945
"Metopius brevispina.csv",9,0.7133,0.806
"Metopius dentatus.csv",46,0.8244,0.675195652173913
"Microdynerus nugdunensis.csv",51,0.933,0.663872549019608
"Microphadnus pumilus.csv",10,0.8437,0.8365
"Microplitis tuberculifer.csv",9,0.7772,0.791666666666667
"Microterys nietneri.csv",8,0.7575,0.798125
"Microterys tessellatus.csv",7,0.9539,0.848928571428571
"Miota abbreviata.csv",5,0.8694,0.872
"Miota monilicornis.csv",6,0.9454,0.8415
"Miota petiolaris.csv",5,0.8699,0.879
"Monelata parvula.csv",13,0.9373,0.774923076923077
"Monoblastus discedens.csv",6,0.9136,0.885333333333333
"Monoblastus marginellus.csv",5,0.8015,0.8616
"Monodontomerus obscurus.csv",15,0.7727,0.777533333333333
"Monomorium barbatulum.csv",8,0.849,0.807875
"Monomorium medinae.csv",11,0.9598,0.787181818181818
"Monomorium perplexum.csv",14,0.8505,0.770714285714286
"Monosapyga theresae.csv",676,0.8603,0.557903846153846
"Mutilla quinquemaculata.csv",102,0.9001,0.637009803921569
"Mymar pulchellum.csv",44,0.8509,0.679034090909091
"Mymar regale.csv",21,0.844,0.732666666666667
"Mymar taprobanicum.csv",16,0.9229,0.7643125
"Myrmilla capitata.csv",28,0.8281,0.717178571428571
"Myrmoxenus bernardi.csv",9,0.9789,0.771833333333333
"Myrmoxenus ravouxi.csv",40,0.8082,0.685625
"Myrmoxenus stumperi.csv",7,0.9289,0.824785714285714
"Necremnus metalarus.csv",5,0.9856,0.897
"Negeniaspidius nobilis.csv",5,0.764,0.872
"Nematomicrus tenellus.csv",9,0.9414,0.791055555555556
"Nematus absconditus.csv",90,0.8742,0.641761111111111
"Nematus angustiserra.csv",20,0.8095,0.73485
"Nematus bergmanni.csv",39,0.8009,0.690128205128205
"Nematus bipartitus.csv",7,0.6575,0.856714285714286
"Nematus bohemani.csv",27,0.835,0.727074074074074
"Nematus boreophilus.csv",41,0.6968,0.676731707317073
"Nematus breviseta.csv",90,0.8717,0.642044444444444
"Nematus brevivalvis.csv",14,0.8966,0.793214285714286
"Nematus brunneus.csv",5,0.6627,0.8831
"Nematus caeruleocarpus.csv",36,0.7373,0.698777777777778
"Nematus carelicus.csv",9,0.7476,0.817444444444444
"Nematus carinatus.csv",143,0.7899,0.609559440559441
"Nematus clavicercus.csv",5,0.6619,0.8762
"Nematus dispar.csv",51,0.7737,0.655882352941176
"Nematus disparoides.csv",20,0.8069,0.73245
"Nematus facialis.csv",8,0.774,0.817875
"Nematus fagi.csv",8,0.723,0.8284375
"Nematus fahraei.csv",5,0.6655,0.8949
"Nematus flavescens.csv",17,0.818,0.746882352941176
"Nematus frenalis.csv",6,0.8022,0.867166666666667
"Nematus fulvescens.csv",41,0.6924,0.677975609756098
"Nematus gracilidentatus.csv",34,0.9401,0.691147058823529
"Nematus hypoxanthus.csv",20,0.7748,0.7319
"Nematus incompletus.csv",31,0.7961,0.718483870967742
"Nematus jugicola.csv",23,0.7208,0.737913043478261
"Nematus lauroi.csv",90,0.8766,0.634922222222222
"Nematus leionotus.csv",5,0.6592,0.853
"Nematus leptocephalus.csv",7,0.9003,0.832857142857143
"Nematus leucopyga.csv",22,0.8077,0.713363636363636
"Nematus lientericus.csv",8,0.7479,0.8096875
"Nematus maculifrons.csv",30,0.7529,0.710133333333333
"Nematus majusculus.csv",30,0.7553,0.707766666666667
"Nematus melanaspis.csv",15,0.8212,0.7648
"Nematus melanocephalus.csv",13,0.8343,0.769923076923077
"Nematus microserratus.csv",5,0.6611,0.8856
"Nematus miliaris.csv",145,0.8671,0.612206896551724
"Nematus myosotidis.csv",97,0.8628,0.642309278350515
"Nematus nigricornis.csv",89,0.82,0.644707865168539
"Nematus nubium.csv",5,0.9006,0.9039
"Nematus nuortevai.csv",30,0.7575,0.696733333333333
"Nematus olfaciens.csv",6,0.7868,0.863583333333333
"Nematus oligospilus.csv",22,0.8384,0.735636363636364
"Nematus pavidus.csv",447,0.8754,0.562805369127517
"Nematus platystigma.csv",10,0.7518,0.8413
"Nematus poecilonotus.csv",61,0.7943,0.658737704918033
"Nematus pravus.csv",13,0.6912,0.789923076923077
"Nematus pseudodispar.csv",51,0.7719,0.672960784313726
"Nematus quietus.csv",24,0.7912,0.7295
"Nematus respondens.csv",8,0.5,0.848625
"Nematus reticulatus.csv",25,0.8764,0.69644
"Nematus ribesii.csv",347,0.8759,0.57357060518732
"Nematus rutilipes.csv",9,0.7473,0.795
"Nematus salicis.csv",191,0.863,0.596062827225131
"Nematus seriepunctatus.csv",12,0.8699,0.785083333333333
"Nematus spiraeae.csv",9,0.7163,0.779111111111111
"Nematus stramineipes.csv",9,0.7523,0.798111111111111
"Nematus subflavus.csv",27,0.8325,0.703074074074074
"Nematus tenuitarsis.csv",8,0.7441,0.818625
"Nematus tibialis.csv",58,0.8955,0.662431034482759
"Nematus torneensis.csv",13,0.6921,0.776153846153846
"Nematus vicinus.csv",26,0.7871,0.712596153846154
"Nematus villosus.csv",6,0.8894,0.847166666666667
"Nematus viridis.csv",6,0.7384,0.857333333333333
"Nematus viridissimus.csv",29,0.8064,0.711827586206897
"Nematus woollatti.csv",60,0.73,0.655433333333333
"Nematus zaddachi.csv",8,0.957,0.7856875
"Nemeritis caudatula.csv",5,0.5738,0.8662
"Nemeritis macrocentra.csv",8,0.5967,0.77675
"Nemka viduata.csv",78,0.84,0.646564102564103
"Neoneurus auctus.csv",6,0.8113,0.845166666666667
"Neotrichoporoides cavigena.csv",5,0.6947,0.8834
"Neotrichoporoides gordensis.csv",12,0.7633,0.779583333333333
"Neotypus coreensis.csv",12,0.9204,0.768083333333333
"Neotypus intermedius.csv",5,0.8228,0.8864
"Neotypus melanocephalus.csv",22,0.8923,0.737772727272727
"Neoxorides varipes.csv",6,0.7561,0.8725
"Netelia fuscicornis.csv",22,0.8174,0.742295454545455
"Netelia nigricans.csv",5,0.7915,0.8632
"Netelia tarsatus.csv",55,0.747,0.661163636363636
"Netelia terebrator.csv",8,0.7829,0.8185625
"Neuroterus lanuginosus.csv",25,0.8409,0.70884
"Neuroterus politus.csv",52,0.8896,0.662903846153846
"Neuroterus saliens.csv",61,0.8615,0.660786885245902
"Neuroterus tricolor.csv",67,0.7845,0.661089552238806
"Nomada braunsiana.csv",31,0.8788,0.703741935483871
"Nomada chrysopyga.csv",6,0.8017,0.858916666666667
"Nomada concolor.csv",5,0.921,0.9092
"Nomada cruenta.csv",5,0.7612,0.927
"Nomada errans.csv",17,0.8161,0.761941176470588
"Nomada montana.csv",197,0.8839,0.602657360406091
"Nomada rhenana.csv",62,0.8585,0.654193548387097
"Nomada trispinosa.csv",6,0.8239,0.84325
"Nomiapis monstrosa.csv",6,0.6412,0.8445
"Norbanus brevicornis.csv",6,0.7973,0.858166666666667
"Norbanus calabrus.csv",5,0.9192,0.8707
"Norbanus cerasiops.csv",8,0.7215,0.8165
"Norbanus globulariae.csv",6,0.8771,0.858333333333333
"Norbanus meridionalis.csv",7,0.6852,0.838285714285714
"Norbanus obscurus.csv",7,0.6358,0.840571428571429
"Norbanus scabriculus.csv",17,0.9758,0.758470588235294
"Odontocolon appendiculatum.csv",8,0.7247,0.8030625
"Odynerus simillimus.csv",10,0.9673,0.7904
"Olesicampe alboplica.csv",6,0.5692,0.846333333333333
"Olesicampe argentata.csv",5,0.6555,0.8742
"Olesicampe clandestina.csv",5,0.7791,0.8517
"Olesicampe erythropyga.csv",7,0.818,0.842857142857143
"Olesicampe forticostata.csv",6,0.6637,0.84125
"Olesicampe sordidella.csv",6,0.7017,0.866333333333333
"Ontsira ignea.csv",13,0.817,0.776230769230769
"Ophion compensator.csv",21,0.828,0.740738095238095
"Opius cingulatus.csv",7,0.8506,0.803714285714286
"Opius levis.csv",6,0.8365,0.843333333333333
"Opius pygmaeator.csv",6,0.7247,0.82825
"Oresbius leucopsis.csv",12,0.8418,0.762333333333333
"Oresbius septentrionalis.csv",5,0.8437,0.8764
"Orgilus laevigator.csv",5,0.5,0.8524
"Orgilus obscurator.csv",5,0.5,0.8581
"Ormyrus monegricus.csv",7,0.9968,0.800357142857143
"Ormyrus orientalis.csv",12,0.8187,0.78325
"Ormyrus papaveris.csv",10,0.9113,0.7906
"Orotylus mitis.csv",5,0.7193,0.8538
"Orthizema subannulatum.csv",7,0.7783,0.832285714285714
"Orthostigma cratospilum.csv",6,0.9156,0.837333333333333
"Orthostigma laticeps.csv",8,0.776,0.797625
"Orthostigma latinerve.csv",8,0.774,0.8196875
"Orthostigma pumilum.csv",8,0.6797,0.78775
"Osmia adunca.csv",722,0.8741,0.553790858725762
"Osmia cantabrica.csv",271,0.9006,0.578206642066421
"Osmia cyanea.csv",1682,0.8585,0.54292627824019
"Osmia dives.csv",11,0.8458,0.775363636363636
"Osmia nana.csv",15,0.8879,0.7778
"Osmia neoregaena.csv",1698,0.8462,0.543748233215548
"Osmia spinigera.csv",7,0.7692,0.805428571428571
"Osmia subcornuta.csv",5,0.7908,0.8824
"Osmia sybarita.csv",5,0.9544,0.8376
"Oxylabis bisulca.csv",6,0.7725,0.833333333333333
"Oxylabis strandi.csv",6,0.7752,0.839333333333333
"Pachynematus albipennis.csv",26,0.7994,0.713923076923077
"Pachynematus annulatus.csv",82,0.7907,0.651353658536585
"Pachynematus calcicola.csv",12,0.9009,0.81075
"Pachynematus clibrichellus.csv",14,0.8501,0.763392857142857
"Pachynematus clitellatus.csv",224,0.7947,0.592901785714286
"Pachynematus fallax.csv",8,0.655,0.768625
"Pachynematus glabriceps.csv",8,0.8122,0.8213125
"Pachynematus imperfectus.csv",20,0.704,0.7541
"Pachynematus infirmus.csv",5,0.6569,0.8704
"Pachynematus inopinatus.csv",8,0.812,0.8026875
"Pachynematus lichtwardti.csv",8,0.8054,0.82575
"Pachynematus moerens.csv",31,0.7788,0.710354838709677
"Pachynematus montanus.csv",20,0.7276,0.76525
"Pachynematus obductus.csv",169,0.7939,0.607627218934911
"Pachynematus omega.csv",224,0.792,0.588868303571429
"Pachynematus pallescens.csv",11,0.7636,0.792636363636364
"Pachynematus parvilabris.csv",5,0.9028,0.848
"Pachynematus punctifrons.csv",8,0.8136,0.7824375
"Pachynematus rugosulus.csv",207,0.7671,0.592347826086957
"Pachynematus scutellatus.csv",97,0.7925,0.635309278350515
"Pachynematus smithae.csv",224,0.7968,0.588575892857143
"Pachynematus vaginosus.csv",8,0.6576,0.804625
"Pachynematus vagus.csv",207,0.7727,0.607908212560387
"Pachynematus virginalis.csv",40,0.777,0.69475
"Palaeomymar anomalum.csv",8,0.7928,0.81375
"Pamphilius silvaticus.csv",226,0.8635,0.592247787610619
"Pamphilius sylvarum.csv",42,0.8898,0.668595238095238
"Pamphilius thorwaldi.csv",6,0.9402,0.856
"Pantoclis microcera.csv",7,0.7317,0.835
"Panurginus lactipennis.csv",8,0.7624,0.808875
"Panurgus buteus.csv",6,0.8132,0.831166666666667
"Panurgus canarius.csv",5,0.8066,0.8713
"Paragymnomerus spiricornis.csv",35,0.9107,0.693628571428571
"Paramesius brevipennis.csv",17,0.8706,0.756823529411765
"Paramesius cameroni.csv",10,0.842,0.7736
"Paramesius claviscapus.csv",33,0.8363,0.679893939393939
"Paramesius dolosus.csv",9,0.8776,0.783666666666667
"Paramesius inermis.csv",33,0.8326,0.698924242424242
"Paramesius macrocerus.csv",17,0.8709,0.754147058823529
"Paramesius spiniger.csv",10,0.8423,0.8059
"Paramesius tenuicornis.csv",33,0.8371,0.683969696969697
"Paramesius westwoodi.csv",17,0.8726,0.730294117647059
"Paratrechina jaegerskioeldi.csv",31,0.9092,0.703741935483871
"Paratrechina vividula.csv",7,0.7949,0.808642857142857
"Parodontodynerus ephippium.csv",13,0.7913,0.770153846153846
"Patrocloides lapponicus.csv",5,0.879,0.8781
"Pauesia prunicola.csv",6,0.8194,0.82275
"Pauesia silvestris.csv",14,0.9252,0.735107142857143
"Pediobius rotundatus.csv",8,0.8234,0.809625
"Pegopus inornatus.csv",26,0.9191,0.716730769230769
"Pentacladia elegans.csv",8,0.7324,0.8031875
"Pentapleura pumilio.csv",24,0.8725,0.70675
"Periclista pilosa.csv",17,0.916,0.762058823529412
"Perilampus aureoviridis.csv",8,0.8354,0.837125
"Perilampus neglectus.csv",6,0.7894,0.814916666666667
"Perilampus ruficornis.csv",14,0.8429,0.762285714285714
"Perilissus erythrocephalus.csv",8,0.7849,0.784125
"Perilissus filicornis.csv",50,0.7749,0.66292
"Perilitus pallidipes.csv",7,0.7759,0.838
"Perispuda sulphurata.csv",10,0.81,0.7912
"Phaedrotoma exigua.csv",6,0.8,0.830083333333333
"Phaenocarpa pallida.csv",8,0.6801,0.7865
"Phaenocarpa picinervis.csv",13,0.8091,0.774384615384615
"Phaenocarpa ruficeps.csv",8,0.6948,0.81275
"Phaenoglyphis dolichocera.csv",5,0.995,0.8967
"Phaenoglyphis salicis.csv",11,0.8686,0.7705
"Phaenolobus arator.csv",148,0.8909,0.60552027027027
"Phaenoserphus chittii.csv",21,0.883,0.707571428571429
"Phaenoserphus pallipes.csv",17,0.8722,0.743352941176471
"Phanacis caulicola.csv",5,0.8396,0.8783
"Phanacis taraxaci.csv",7,0.8509,0.840857142857143
"Phanerotoma dentata.csv",10,0.7594,0.7861
"Philoctetes micans.csv",8,0.7221,0.808375
"Phradis brevis.csv",6,0.8931,0.820166666666667
"Phradis morionellus.csv",7,0.9725,0.823142857142857
"Phradis polonicus.csv",7,0.9959,0.796785714285714
"Phrudus defectus.csv",15,0.7133,0.751533333333333
"Phygadeuon dromicus.csv",10,0.8274,0.803
"Phygadeuon hercynicus.csv",11,0.8269,0.769181818181818
"Phygadeuon ovaliformis.csv",9,0.7929,0.839944444444444
"Phyllocolpa coriacea.csv",7,0.8543,0.816214285714286
"Phyllocolpa leucapsis.csv",94,0.8203,0.644148936170213
"Phyllocolpa leucosticta.csv",156,0.8227,0.619134615384615
"Phyllocolpa oblita.csv",46,0.9688,0.68154347826087
"Phyllocolpa piliserra.csv",5,0.9154,0.8796
"Phyllocolpa scotaspis.csv",6,0.8523,0.870333333333333
"Physetopoda daghestanica.csv",7,0.7058,0.823714285714286
"Physetopoda punctata.csv",13,0.7874,0.782461538461538
"Phytodietus arcuatorius.csv",7,0.714,0.821285714285714
"Phytodietus astutus.csv",5,0.7337,0.8971
"Piogaster pilosator.csv",5,0.8813,0.8702
"Plagiotrochus amenti.csv",5,0.9223,0.8702
"Plagiotrochus australis.csv",31,0.8148,0.714258064516129
"Plagiotrochus burnayi.csv",10,0.8992,0.7937
"Plagiotrochus quercusilicis.csv",138,0.8228,0.619869565217391
"Plagiotrochus razeti.csv",5,0.9145,0.8739
"Plastanoxus chittendeni.csv",10,0.6961,0.7934
"Platophion areolaris.csv",10,0.7906,0.7689
"Platygaster aegeus.csv",11,0.8351,0.780636363636364
"Platygaster athamas.csv",5,0.7153,0.8855
"Platygaster betularia.csv",8,0.7149,0.824
"Platygaster chloropus.csv",8,0.7879,0.7938125
"Platygaster clavata.csv",7,0.7974,0.844
"Platygaster contorticornis.csv",5,0.8434,0.849
"Platygaster hybrida.csv",8,0.827,0.794375
"Platygaster lineaticeps.csv",10,0.7422,0.7903
"Platygaster lysicles.csv",8,0.7654,0.8055
"Platygaster marginata.csv",14,0.6384,0.784357142857143
"Platygaster microsculpturata.csv",5,0.8304,0.8627
"Platygaster minthe.csv",6,0.913,0.8635
"Platygaster modesta.csv",8,0.9977,0.821875
"Platylabops virginalis.csv",6,0.6817,0.839416666666667
"Platylabus borealis.csv",5,0.5935,0.8866
"Platylabus decipiens.csv",8,0.7883,0.78175
"Platylabus histrio.csv",5,0.5612,0.887
"Platylabus obator.csv",8,0.9283,0.80625
"Platylabus orbitalis.csv",26,0.8202,0.709692307692308
"Platylabus pumilio.csv",15,0.6886,0.763066666666667
"Platymischus dilatatus.csv",8,0.8236,0.81625
"Platynocheilus cuprifrons.csv",5,0.967,0.8728
"Platyrhabdus clypeatus.csv",7,0.997,0.869
"Platyrhabdus monodon.csv",6,0.9054,0.870916666666667
"Plectiscidea grossepunctata.csv",8,0.7422,0.796875
"Plectocryptus digitatus.csv",13,0.757,0.774153846153846
"Pleolophus larvincola.csv",24,0.7658,0.708333333333333
"Pleolophus micropterus.csv",13,0.7859,0.791
"Pleolophus perversus.csv",6,0.9931,0.859166666666667
"Pleolophus sericans.csv",17,0.8375,0.749647058823529
"Podagrion binotata.csv",5,0.6834,0.8802
"Podagrion pachymerum.csv",5,0.7121,0.8822
"Podalonia luffii.csv",43,0.8798,0.674558139534884
"Polistes dominulus.csv",2028,0.8171,0.537223865877712
"Polochrum repandum.csv",19,0.6805,0.758421052631579
"Polynema atractoura.csv",7,0.6108,0.848571428571429
"Polynema atratum.csv",10,0.7626,0.7969
"Polynema pusillum.csv",6,0.7599,0.829
"Pontania acutifoliae.csv",9,0.7064,0.773333333333333
"Pontania bridgmanii.csv",382,0.8921,0.572240837696335
"Pontania collactanea.csv",103,0.872,0.636184466019417
"Pontania dolichura.csv",33,0.7435,0.685818181818182
"Pontania gallarum.csv",16,0.8703,0.7439375
"Pontania glabrifrons.csv",6,0.7859,0.841666666666667
"Pontania herbaceae.csv",24,0.8388,0.691666666666667
"Pontania lapponica.csv",9,0.769,0.795444444444444
"Pontania myrsiniticola.csv",6,0.7473,0.858833333333333
"Pontania nivalis.csv",5,0.9418,0.877
"Pontania pedunculi.csv",479,0.8919,0.567464509394572
"Pontania polaris.csv",24,0.8433,0.719375
"Pontania proxima.csv",1289,0.8852,0.542920093095423
"Pontania reticulatae.csv",15,0.8871,0.752266666666667
"Pontania retusae.csv",6,0.9754,0.837166666666667
"Pontania samolad.csv",6,0.8336,0.833833333333333
"Pontania triandrae.csv",111,0.9497,0.636801801801802
"Pontania vesicator.csv",35,0.82,0.711414285714286
"Pontania viminalis.csv",209,0.8024,0.59755023923445
"Pontania virilis.csv",26,0.799,0.713961538461538
"Praon absinthii.csv",23,0.9272,0.739130434782609
"Priocnemis bellieri.csv",5,0.8445,0.8858
"Priocnemis confusor.csv",56,0.7949,0.67225
"Priocnemis hankoi.csv",14,0.8463,0.787142857142857
"Priocnemis melanosoma.csv",6,0.6076,0.872666666666667
"Priocnemis susterei.csv",88,0.8654,0.638840909090909
"Priocnemis wolfi.csv",13,0.6569,0.766923076923077
"Prionomitus mitratus.csv",5,0.9266,0.884
"Prionomitus tiliaris.csv",8,0.7671,0.839625
"Priopoda apicaria.csv",15,0.8842,0.775
"Pristaulacus gibbator.csv",6,0.8693,0.8185
"Pristicampus arcticus.csv",12,0.7334,0.79025
"Pristiphora affinis.csv",5,0.9281,0.8915
"Pristiphora carpentieri.csv",27,0.7767,0.71362962962963
"Pristiphora coniceps.csv",8,0.6058,0.77775
"Pristiphora forsiusi.csv",6,0.8915,0.837
"Pristiphora gaunitzi.csv",88,0.8519,0.641204545454545
"Pristiphora hyperborea.csv",6,0.8205,0.833583333333333
"Pristiphora lanifica.csv",9,0.7068,0.783277777777778
"Pristiphora subarctica.csv",7,0.7989,0.828428571428571
"Pristiphora variipes.csv",9,0.6985,0.780333333333333
"Pristomerus orbitalis.csv",9,0.8599,0.782555555555556
"Probles erythrostomus.csv",5,0.6992,0.8783
"Probolus crassulus.csv",8,0.593,0.7858125
"Proclitus attentus.csv",7,0.6861,0.819428571428571
"Proctotrupes brachypterus.csv",7,0.7149,0.846571428571429
"Proctotrupes gravidator.csv",45,0.8206,0.659555555555556
"Proformica epinotalis.csv",10,0.7963,0.8132
"Protapanteles pallipes.csv",5,0.6702,0.8818
"Proterops nigripennis.csv",6,0.5429,0.834833333333333
"Protichneumon coqueberti.csv",13,0.7997,0.789
"Protosmia tiflensis.csv",6,0.8807,0.844333333333333
"Pseneo exaratus.csv",5,0.7174,0.8731
"Pseudapis armata.csv",14,0.8068,0.800214285714286
"Pseudapis monstrosa.csv",6,0.6474,0.8665
"Pseudencyrtus misellus.csv",5,0.7466,0.8498
"Pseudepipona lativentris.csv",10,0.8158,0.84655
"Pseudoclavellaria amerinae.csv",53,0.7365,0.655943396226415
"Pseudoneuroterus macropterus.csv",11,0.8223,0.777727272727273
"Pseudospinolia aureicollis.csv",6,0.9329,0.861666666666667
"Pseudotorymus papaveris.csv",7,0.8392,0.823714285714286
"Pseudotorymus sapphyrinus.csv",12,0.8113,0.769833333333333
"Pteromalus almeriensis.csv",5,0.9879,0.8484
"Pteromalus bedegauris.csv",18,0.7723,0.758888888888889
"Pteromalus nobilis.csv",18,0.8095,0.7495
"Pteromalus pulcherrimus.csv",52,0.9261,0.663769230769231
"Pteromalus pusillus.csv",10,0.7752,0.8005
"Pteromalus sequester.csv",15,0.7569,0.7612
"Pygmaeolus nitidus.csv",6,0.9988,0.825
"Pygostolus multiarticulatus.csv",6,0.8168,0.83225
"Pygostolus otiorhynchi.csv",22,0.7638,0.723590909090909
"Pyramica baudueri.csv",10,0.7855,0.8033
"Rhinotorus alpinus.csv",5,0.7524,0.8385
"Rhogogaster carpatica.csv",888,0.797,0.551038851351351
"Rhopalicus quadratus.csv",10,0.6552,0.79485
"Rhophitoides canus.csv",42,0.867,0.684642857142857
"Rhoptromeris rufiventris.csv",6,0.7728,0.848583333333333
"Ronisia barbara.csv",6,0.8032,0.864333333333333
"Ronisia barbarula.csv",86,0.78,0.631151162790698
"Ronisia ghilianii.csv",60,0.9067,0.657783333333333
"Sarothrus tibialis.csv",10,0.7926,0.7789
"Scambus arundinator.csv",50,0.8172,0.66907
"Scambus detritus.csv",160,0.843,0.6133875
"Scambus pomorum.csv",6,0.796,0.85075
"Schenkia aries.csv",7,0.8866,0.804714285714286
"Scolia anatoliae.csv",8,0.9663,0.793625
"Scolia carbonaria.csv",7,0.8562,0.818928571428571
"Scolia erythrocephala.csv",23,0.8894,0.734217391304348
"Scolia flaviceps.csv",13,0.8205,0.768
"Scolia fuciformis.csv",51,0.8888,0.68521568627451
"Scolia sexmaculata.csv",780,0.8455,0.555833974358974
"Scopesis fraternal.csv",5,0.8492,0.8734
"Seladerma diffine.csv",10,0.9147,0.7694
"Seladonia seladonia.csv",18,0.7606,0.767
"Semiotellus mundus.csv",7,0.8418,0.820857142857143
"Sigilla dorsata.csv",84,0.8704,0.644559523809524
"Sigmophora italica.csv",10,0.9157,0.7969
"Sinophorus albidus.csv",5,0.6055,0.8343
"Sinophorus geniculatus.csv",5,0.9295,0.886
"Sinophorus juniperinus.csv",13,0.7862,0.765807692307692
"Sinophorus xanthostomus.csv",12,0.6658,0.793666666666667
"Smicromyrme suberrata.csv",18,0.8703,0.749333333333333
"Solenopsis canariensis.csv",7,0.8988,0.829928571428571
"Solenopsis dubosqui.csv",572,0.8574,0.562989510489511
"Spalangia nigra.csv",5,0.8675,0.878
"Spalangiopelta procera.csv",5,0.8281,0.8674
"Spathius pedestris.csv",8,0.7746,0.811125
"Spathius strandi.csv",62,0.8237,0.63641935483871
"Spathius umbratus.csv",21,0.8382,0.731333333333333
"Sphecodes geofrellus.csv",2149,0.7861,0.535004885993485
"Sphecodes scabricollis.csv",186,0.9245,0.602940860215054
"Sphecodes schenkii.csv",75,0.9618,0.646453333333333
"Sphegigaster nigricornis.csv",9,0.6189,0.772888888888889
"Sphegigaster pallicornis.csv",14,0.8222,0.764
"Sphinctus serotinus.csv",43,0.9511,0.688395348837209
"Spilomicrus barbatus.csv",27,0.8842,0.718925925925926
"Spilomicrus inaequalis.csv",11,0.8492,0.812090909090909
"Spilomicrus kaszabi.csv",9,0.8801,0.7725
"Spilomicrus mediofurcatus.csv",27,0.8866,0.694055555555556
"Spilomicrus pillicornis.csv",27,0.8863,0.725425925925926
"Spilomicrus striatifoveatus.csv",33,0.8324,0.687121212121212
"Spilothyrateles nuptatorius.csv",6,0.7801,0.876833333333333
"Stenamma orousseti.csv",27,0.9916,0.712740740740741
"Stenamma petiolatum.csv",6,0.8461,0.8925
"Stenodynerus fastidiosissimus.csv",13,0.9049,0.791769230769231
"Stenoheriades coelostoma.csv",5,0.7392,0.8612
"Stenomacrus laricis.csv",9,0.9377,0.792666666666667
"Stenoselma nigrum.csv",10,0.9061,0.8046
"Stictomischus tumidus.csv",5,0.9012,0.8593
"Stilbula cyniformis.csv",5,0.7955,0.8822
"Stilpnus dryadum.csv",38,0.7987,0.690947368421053
"Stilpnus tenebricosus.csv",22,0.8689,0.732545454545454
"Stizus bipunctatus.csv",11,0.9368,0.780636363636364
"Strongylogaster cretensis.csv",492,0.8573,0.566756097560976
"Strongylogaster lineatus.csv",492,0.8569,0.566123983739837
"Sycophila binotata.csv",7,0.8213,0.813214285714286
"Sycophila mellea.csv",9,0.8151,0.810111111111111
"Sycophila submutica.csv",12,0.7643,0.800083333333333
"Symmorphus fuscipes.csv",25,0.8423,0.70788
"Sympherta tenthredinarum.csv",13,0.6884,0.768846153846154
"Sympiesis notata.csv",13,0.8831,0.787
"Syndipnus angulatus.csv",6,0.7698,0.829666666666667
"Synergus gallaepyriformis.csv",209,0.8533,0.604909090909091
"Synergus ruficornis.csv",6,0.7258,0.862666666666667
"Syneuodynerus egregius.csv",8,0.8483,0.8239375
"Synodites notatus.csv",11,0.7653,0.794
"Synopeas ciliatus.csv",10,0.853,0.79965
"Synopeas euryale.csv",6,0.9021,0.82425
"Synopeas gibberosus.csv",9,0.8147,0.766611111111111
"Synopeas larides.csv",7,0.7824,0.812428571428571
"Synopeas lugubris.csv",6,0.827,0.847666666666667
"Synopeas rhanis.csv",14,0.8532,0.77675
"Synopeas sosis.csv",14,0.8254,0.745
"Syrphoctonus collinus.csv",9,0.9176,0.784
"Syrphoctonus cultiformis.csv",5,0.5384,0.8745
"Syrphoctonus dimidiatus.csv",35,0.761,0.666742857142857
"Syrphoctonus melanogaster.csv",8,0.5865,0.8025625
"Syrphoctonus nigritarsus.csv",10,0.8049,0.77235
"Syrphoctonus pallipes.csv",12,0.7829,0.779333333333333
"Syrphoctonus pictus.csv",9,0.9121,0.795333333333333
"Syrphoctonus signatus.csv",8,0.8656,0.8235
"Syrphophagus aeruginosus.csv",7,0.75,0.811142857142857
"Syspasis eburnifrons.csv",9,0.8392,0.809111111111111
"Syspasis haesitator.csv",5,0.8498,0.882
"Syspasis leucolomia.csv",7,0.6075,0.847285714285714
"Syspasis rufina.csv",18,0.825,0.747055555555556
"Systasis encyrtoides.csv",8,0.6314,0.818125
"Systole albipennis.csv",6,0.8193,0.832
"Syzeuctus fuscator.csv",5,0.9175,0.8734
"Syzeuctus irrisorius.csv",8,0.8996,0.8165
"Tapinoma ambiguum.csv",16,0.7529,0.7655
"Tarsalia ancyliformis.csv",5,0.9145,0.8664
"Telenomus angustatus.csv",8,0.7969,0.8
"Teleutaea striata.csv",19,0.7921,0.742105263157895
"Telostegus inermis.csv",12,0.6631,0.772833333333333
"Temelucha decorata.csv",5,0.8112,0.8962
"Temelucha interruptor.csv",5,0.8396,0.8661
"Tenthredo nitidior.csv",264,0.8169,0.587914772727273
"Tenthredo xanthopus.csv",7,0.8336,0.803142857142857
"Tenthredopsis floricola.csv",5,0.9179,0.8782
"Tetralonia malvae.csv",95,0.8077,0.641894736842105
"Tetraloniella glauca.csv",8,0.8649,0.806375
"Tetraloniella ruficornis.csv",8,0.8364,0.8173125
"Tetraloniella scabiosae.csv",6,0.844,0.8125
"Tetramesa hyalipennis.csv",11,0.8662,0.774181818181818
"Tetramorium brevicorne.csv",11,0.9718,0.808818181818182
"Tetramorium confinis.csv",10,0.5978,0.8092
"Tetramorium inerme.csv",7,0.8036,0.826
"Tetramorium lucidulum.csv",9,0.9464,0.821
"Tetramorium punicum.csv",9,0.8124,0.796222222222222
"Tetramorium ruginode.csv",10,0.8996,0.805
"Thaumatogelis gallicus.csv",46,0.8833,0.681978260869565
"Thektogaster chrysis.csv",6,0.9975,0.8385
"Therion brevicorne.csv",10,0.9467,0.824
"Therion giganteum.csv",5,0.862,0.8575
"Thoron metallicus.csv",6,0.7605,0.843
"Thyreus scutellaris.csv",9,0.6549,0.787333333333333
"Timaspis lampsanae.csv",42,0.911,0.68047619047619
"Timaspis phoenixopodos.csv",5,0.6459,0.8624
"Tiphia laeviceps.csv",1305,0.8486,0.5476969348659
"Tiphia lepeletieri.csv",68,0.8772,0.652485294117647
"Tomicobia promulus.csv",5,0.9847,0.9187
"Tomicobia rotundiventris.csv",5,0.9832,0.8956
"Torymoides kiesenwetteri.csv",15,0.6931,0.7614
"Torymus arundinis.csv",5,0.8503,0.8684
"Torymus calcaratus.csv",12,0.8454,0.79325
"Torymus canariensis.csv",8,0.9292,0.823875
"Torymus cingulatus.csv",5,0.8604,0.8685
"Torymus cupreus.csv",6,0.8284,0.836833333333333
"Torymus erucarum.csv",8,0.755,0.8251875
"Torymus flavipes.csv",25,0.7963,0.72052
"Torymus juniperi.csv",5,0.7008,0.8709
"Trachionus hians.csv",5,0.7319,0.8946
"Trachionus ringens.csv",5,0.6488,0.8758
"Trachusa atlantica.csv",41,0.8468,0.674414634146342
"Trachyusa aurora.csv",5,0.5194,0.8656
"Trechnites flavipes.csv",6,0.7698,0.837833333333333
"Trematopygus lethierryi.csv",5,0.9882,0.9132
"Tremex magus.csv",8,0.7117,0.8150625
"Triaspis atomos.csv",13,0.7194,0.745615384615385
"Trichomalus bracteatus.csv",15,0.9276,0.7573
"Trichomalus lepidus.csv",7,0.8521,0.793285714285714
"Trichomalus posticus.csv",23,0.8873,0.719652173913043
"Trichopria hyalinipennis.csv",7,0.8363,0.813214285714286
"Trichopria inermis.csv",37,0.8223,0.678027027027027
"Trichopria nigricornis.csv",6,0.7723,0.816166666666667
"Trichopria striata.csv",10,0.7505,0.8125
"Trichopria wasmanni.csv",10,0.8594,0.81135
"Trigonalis hahnii.csv",12,0.8454,0.763833333333333
"Trigonaspis brunneicornis.csv",6,0.9519,0.846
"Trigonaspis synaspis.csv",14,0.9307,0.755285714285714
"Trimorus cursitans.csv",5,0.7128,0.9104
"Trimorus flavipes.csv",5,0.8617,0.8634
"Trimorus nitidulus.csv",5,0.7023,0.8916
"Trimorus ovatus.csv",7,0.9558,0.809142857142857
"Trimorus rotundiventris.csv",7,0.9555,0.830071428571429
"Trioxys auctus.csv",7,0.9163,0.832
"Trioxys betulae.csv",7,0.7809,0.836428571428571
"Trioxys cirsii.csv",8,0.7399,0.788625
"Trioxys curvicaudus.csv",6,0.8818,0.838
"Trioxys falcatus.csv",6,0.8031,0.851333333333333
"Trioxys hincksi.csv",7,0.777,0.815714285714286
"Triptognathus atripes.csv",17,0.8305,0.746235294117647
"Triptognathus fumigator.csv",7,0.9227,0.8225
"Triptognathus rubrocinctus.csv",6,0.8142,0.852833333333333
"Triptognathus unifasciatus.csv",12,0.8801,0.782
"Triptognathus uniguttatus.csv",17,0.8279,0.739529411764706
"Trischiza aphidivora.csv",424,0.8815,0.571495283018868
"Trissolcus grandis.csv",18,0.7567,0.748388888888889
"Tritneptis affinis.csv",5,0.9951,0.9046
"Trogus fuscipennis.csv",27,0.7196,0.699814814814815
"Trogus lapidator.csv",27,0.7227,0.699592592592593
"Trogus violaceus.csv",27,0.7232,0.718851851851852
"Tropidotilla litoralis.csv",145,0.8803,0.618624137931034
"Trybliographa albipennis.csv",9,0.8117,0.783722222222222
"Trybliographa cubitalis.csv",8,0.8261,0.7883125
"Trybliographa diaphana.csv",15,0.8061,0.7738
"Trybliographa rufula.csv",6,0.7557,0.860333333333333
"Trychosis picta.csv",8,0.7853,0.7796875
"Tycherus curtus.csv",6,0.8928,0.854833333333333
"Tycherus dodecellae.csv",10,0.9655,0.7873
"Tycherus helleni.csv",6,0.9727,0.853
"Tycherus ophtalmicus.csv",10,0.8291,0.7886
"Tycherus stipator.csv",6,0.8732,0.852
"Tyndarichus melanacis.csv",9,0.8522,0.807666666666667
"Tyndarichus scaurus.csv",11,0.9311,0.801909090909091
"Urocerus augur.csv",90,0.8763,0.646222222222222
"Urocerus sah.csv",28,0.7929,0.7105
"Vanhornia leileri.csv",7,0.8691,0.823142857142857
"Virgichneumon callicerus.csv",20,0.7979,0.7231
"Virgichneumon krapinensis.csv",9,0.7615,0.793166666666667
"Virgichneumon maculicauda.csv",90,0.9529,0.630511111111111
"Vulgichneumon trifarius.csv",7,0.9107,0.838785714285714
"Wachsmannia spathiiformis.csv",37,0.9418,0.680837837837838
"Wroughtonia spinator.csv",44,0.8758,0.664545454545455
"Xenoschesis polita.csv",9,0.7823,0.806666666666667
"Xenoschesis resplendens.csv",9,0.7738,0.798777777777778
"Xiphulcus floricolator.csv",17,0.8316,0.759176470588235
"Xorides csikii.csv",10,0.8143,0.81155
"Xorides depressus.csv",9,0.6005,0.800111111111111
"Xyalaspis petiolata.csv",23,0.8092,0.719826086956522
"Xyalaspis pseudolaevigata.csv",5,0.8865,0.8732
"Xylocopa uclesiensis.csv",8,0.8327,0.79775
"Zaomma lambinus.csv",8,0.7358,0.803
"Zygosis urticeti.csv",5,0.9075,0.8877
